<?xml version='1.0'?>
<module>
    <name>CTFacebookMessengerIntegration</name>
    <label>CTFacebookMessengerIntegration</label>
    <parent></parent>
    <version>2.0</version>
    <dependencies>
        <vtiger_version>8.3.0</vtiger_version>
        <vtiger_max_version>8.*</vtiger_max_version>
    </dependencies>
    <license>
        <inline>
            *************************************************************************************************************
            *  Module              : CTFacebookMessengerIntegration
            *  Version             : 2.0
            *  Vtiger              : 8.3.0
            *  Author              : CRMTiger.
            *  Supported browsers  : Internet Explorer 7 or higher, Mozilla Firefox 3.0 or higher, Google Chrome, Safari
            *************************************************************************************************************

            Terms and Conditions:

            No Warranty. The Software is provided "as is" without warranty of any kind, either express 
            or implied, including without limitation any implied warranties of condition, uninterrupted 
            use, merchantability, fitness for a particular purpose, or non-infringement.
        </inline>
    </license>
    <sharingaccess>
        <default>private</default>
    </sharingaccess>
    <actions>
        <action>
            <name><![CDATA[Import]]></name>
            <status>disabled</status>
        </action>
        <action>
            <name><![CDATA[Export]]></name>
            <status>disabled</status>
        </action>
        <action>
            <name><![CDATA[Merge]]></name>
            <status>disabled</status>
        </action>
    </actions>
    <crons>
    </crons>
</module>
